PIK3CA	0.0
TP53	0.0
MYC	0.0
ERBB2	0.0
CCND1	0.999001996007984
PAK1	0.999001996007984
PIK3R1	0.999001996007984
RPS6KB1	0.0
AKT1	0.0
PTEN	0.0
RB1	0.0
CDH1	0.0
GAB2	0.0
STAT3	0.0
MYB	0.999001996007984
MCL1	0.0
EGFR	0.0
DDX5	0.0
MDM2	0.0
BRCA1	0.0
MAP3K1	0.0
MAX	0.0
UFD1L	0.0
VAV2	0.9600798403193613
CRK	0.0
AR	0.7714570858283433
CCNB1	0.0
MTOR	0.0
FOXA1	0.0
CDC42	0.999001996007984
FOXO3	0.0
CDKN1A	0.0
TK1	0.0
RAC1	0.999001996007984
APC	0.005988023952095809
JAK2	0.0
ATM	0.0
TRRAP	0.0
IKBKB	0.0
SOS1	0.999001996007984
NFYC	0.0
RHOA	0.999001996007984
PDGFRB	0.0
GSK3B	0.0
JUN	0.0
FRS2	0.0
CTNNB1	0.0
BCL2L1	0.0
NCOR1	0.0
GRB2	0.9421157684630739
ZNF274	0.0
RELN	0.0
ADAMTSL4	0.0
PRDM1	0.0
TGFBR1	0.999001996007984
AES	0.0
NGF	0.9720558882235529
CDKN1B	0.0
HIF1A	0.0
FYN	0.0
MAP2K4	0.0
NGFR	0.0
ITGB4	0.0
TAF9	0.0
PIN1	0.0
ESR1	0.0
ITGB1	0.0
DAB1	0.0
ABL1	0.0
MAPK14	0.0
NEDD9	0.0
SMAD4	0.34231536926147704
SESN1	0.0
USP7	0.0
RCHY1	0.0
AFP	0.0
LYN	0.0
RNASEN	0.0
CHD3	0.0
IGF1R	0.999001996007984
E2F1	0.0
ATXN1	0.0
UBE2I	0.0
ERBB3	0.0
TFDP1	0.0
BAK1	0.0
CHGB	0.0
KAT5	0.0
CREB1	0.0
DVL2	0.0
TBP	0.0
PDPK1	0.0
JAK1	0.0
TLE1	0.0
PPP1CA	0.0
ARIH2	0.0
GIT1	0.0
SP1	0.0
HTT	0.0
TRAF6	0.0
