GeneA	GeneB	MEScore
ERBB3	AKT1	3.08113883008419
HTT	TP53	7.639133995856471
PPP1CA	TGFBR1	0.0
CDC42	GRB2	0.0
SMAD4	CDKN1A	0.0
CRK	SOS1	0.0
E2F1	NGFR	0.0
MAX	ITGB1	0.0
ABL1	GRB2	0.0
BAK1	MCL1	0.0
CTNNB1	JUN	0.0
MYC	CCNB1	6.870539766709696
JUN	TP53	0.0
SP1	E2F1	0.0
IGF1R	RPS6KB1	6.669917634315125
FYN	SP1	0.0
AKT1	MCL1	5.58113883008419
CHD3	GSK3B	0.0
NGF	PIK3CA	7.54450394677522
AR	CCND1	6.5
CHD3	HTT	2.118033988749895
FYN	CDH1	0.0
PIK3CA	PIK3R1	8.631025779605826
TFDP1	TP53	0.0
GAB2	JAK1	0.0
MTOR	GSK3B	0.0
MYC	TBP	6.957589490324617
HIF1A	SMAD4	0.0
DVL2	TP53	0.0
FYN	SOS1	0.0
ESR1	SP1	0.0
CREB1	TBP	0.0
PAK1	RHOA	0.0
JAK1	SOS1	0.0
ERBB3	JAK2	2.618033988749895
JAK2	PIK3CA	7.70342256937311
FOXO3	MAX	0.0
FOXA1	SP1	0.0
PIK3R1	PTEN	4.516580004451561
E2F1	TK1	0.0
CTNNB1	RHOA	0.0
GAB2	SOS1	4.905124837953327
PIN1	TP53	0.0
ITGB1	JAK2	0.0
IKBKB	FOXO3	6.218191226119131
CREB1	MYC	0.0
PAK1	PIK3R1	5.9520862741559615
RPS6KB1	CRK	0.0
TP53	UBE2I	0.0
SP1	TAF9	0.0
CTNNB1	TLE1	0.0
SOS1	PAK1	5.031128874149275
ATM	MDM2	4.004978758792355
NGFR	UFD1L	0.0
DAB1	RELN	0.0
GRB2	SP1	0.0
ATXN1	UBE2I	0.0
SP1	CCNB1	0.0
GIT1	RAC1	0.0
AES	GRB2	0.0
JAK1	RHOA	0.0
ZNF274	TP53	8.65400609437591
ABL1	FYN	0.0
JAK2	STAT3	2.620185174601965
BRCA1	MYC	7.18247795568621
ESR1	SOS1	0.0
PDPK1	TRAF6	0.0
MYC	SMAD4	0.0
DAB1	PIK3R1	0.0
GRB2	ZNF274	0.0
PIK3R1	RPS6KB1	6.229727636927644
GRB2	SOS1	0.0
TRRAP	MDM2	3.4238399287081647
FYN	PIK3CA	0.0
JUN	AFP	0.0
CCND1	CDKN1A	0.0
CTNNB1	CDKN1B	0.0
CTNNB1	TRRAP	0.0
KAT5	MAX	0.0
SP1	TP53	0.0
ERBB2	STAT3	6.0373604199024715
MAP2K4	MAPK14	0.0
CDH1	ITGB4	3.8722813232690143
MYC	PDGFRB	0.0
PAK1	MAP3K1	7.3166247903554
MDM2	PIN1	0.0
EGFR	RAC1	0.0
CTNNB1	IGF1R	0.0
GAB2	AKT1	5.486263668037517
NGFR	ZNF274	0.0
FOXA1	TLE1	0.0
ERBB2	PIK3R1	6.720426578006847
PDPK1	TGFBR1	0.0
HIF1A	JUN	0.0
MTOR	RPS6KB1	5.696089576666271
AR	PIK3CA	7.54450394677522
DAB1	PIK3CA	0.0
ITGB4	PIK3R1	3.0
ITGB4	PIK3CA	7.855654600401044
ERBB2	GRB2	0.0
DAB1	AKT1	0.0
PIK3CA	PTEN	9.377759898670224
EGFR	ITGB4	2.9364916731037085
PIK3CA	RPS6KB1	10.896214217689693
TFDP1	MYC	0.0
CCND1	RB1	7.779912447502957
JAK2	PIK3R1	3.118033988749895
GRB2	GIT1	0.0
PIK3CA	RHOA	0.0
CDH1	ERBB2	7.647828680534355
CHD3	GIT1	0.0
MAX	SMAD4	0.0
SP1	TFDP1	0.0
RB1	MYC	7.733806423720555
CDKN1B	RHOA	0.0
ERBB2	ERBB3	6.1924797712960045
PDPK1	RPS6KB1	0.0
CCND1	MYB	6.914213562373095
TFDP1	TBP	0.0
ATM	TP53	8.26387462923434
EGFR	ERBB2	6.7327581777238095
CDKN1A	RB1	0.0
ERBB2	VAV2	0.0
BRCA1	CDKN1B	3.0545256618536034
CDC42	CTNNB1	0.0
USP7	TP53	0.0
STAT3	MYC	7.037824501974091
TGFBR1	RPS6KB1	0.0
RB1	TFDP1	0.0
IGF1R	SOS1	3.7838821814150108
MAPK14	JUN	0.0
GIT1	PIK3CA	0.0
TP53	RB1	8.421594887698703
AKT1	HIF1A	0.0
ERBB2	JAK1	0.0
ATM	BRCA1	3.5948040682814084
JUN	MYC	0.0
CDC42	CDH1	0.0
RNASEN	TP53	7.62990003301878
APC	RAC1	0.0
ABL1	RB1	3.345207879911715
CDH1	RHOA	0.0
JUN	SP1	0.0
PIK3R1	MTOR	3.291377624035248
MAX	TAF9	0.0
AES	CCND1	0.0
CDH1	PIK3CA	8.906261495307191
AR	PIK3R1	3.0
USP7	MDM2	0.0
GSK3B	MAX	0.0
MAP3K1	MAP2K4	6.312141857799492
ESR1	JUN	0.0
EGFR	STAT3	3.5948040682814084
AES	TLE1	0.0
PIK3CA	MTOR	8.169407624346873
GAB2	PIK3CA	10.062305898749054
CREB1	SMAD4	0.0
CRK	SP1	0.0
E2F1	CDKN1B	0.0
GIT1	PIK3R1	0.0
CHGB	PTEN	4.015458059099547
RAC1	MAP3K1	0.0
FOXO3	MYC	7.7114902873091165
TRAF6	IKBKB	0.0
CRK	ATXN1	0.0
TK1	TP53	0.0
MAX	TP53	0.0
LYN	MAPK14	0.0
PDGFRB	PIK3R1	0.0
KAT5	TP53	0.0
GSK3B	MAPK14	0.0
MAX	NFYC	0.0
MTOR	STAT3	3.072525957550795
ESR1	SMAD4	0.0
CRK	EGFR	0.0
E2F1	MCL1	0.0
EGFR	JAK2	3.0545256618536034
MAX	CDKN1B	0.0
TGFBR1	CTNNB1	0.0
TP53	EGFR	7.5368574358476055
CRK	RHOA	0.0
HTT	GIT1	0.0
SOS1	CREB1	0.0
TP53	TRRAP	7.773108592072033
FOXO3	CDKN1B	3.567523731533073
ESR1	PIK3CA	0.0
AKT1	GSK3B	0.0
PIK3CA	RAC1	0.0
PIK3CA	VAV2	0.0
LYN	PIK3CA	7.855654600401044
TP53	PRDM1	8.782776640796756
NGFR	PIK3CA	0.0
BCL2L1	TP53	0.0
AR	MDM2	3.449489742783178
PDGFRB	AKT1	0.0
PDGFRB	PIK3CA	0.0
ERBB3	SOS1	2.323763377495764
GAB2	PDPK1	0.0
FYN	ATXN1	0.0
TP53	APC	0.0
NGFR	PIK3R1	0.0
GRB2	GAB2	0.0
CDC42	PAK1	0.0
RAC1	MYC	0.0
MCL1	TP53	9.816843568186883
CDH1	PIK3R1	4.786930235851553
AES	MYC	0.0
PIK3R1	RAC1	0.0
DAB1	FYN	0.0
CCND1	CDKN1A	0.0
JAK1	MAPK14	0.0
PAK1	MAP2K4	6.958039891549808
CRK	PIK3R1	0.0
NGF	ZNF274	3.345207879911715
PAK1	CCND1	7.524937810560445
ESR1	IGF1R	0.0
DAB1	ERBB3	0.0
ABL1	PIK3R1	2.8345273722873916
MYC	CDKN1A	0.0
VAV2	RHOA	0.0
TRAF6	ZNF274	0.0
APC	GSK3B	0.0
MAX	CDKN1A	0.0
FOXA1	JUN	0.0
APC	CDC42	0.0
APC	CTNNB1	0.0
NFYC	PDGFRB	0.0
NGFR	TK1	0.0
SMAD4	TGFBR1	0.0
ITGB1	RPS6KB1	0.0
MYC	TK1	0.0
CRK	MAP2K4	0.0
TK1	TLE1	0.0
SP1	TBP	0.0
GAB2	TRAF6	0.0
CDC42	VAV2	0.0
PDGFRB	PTEN	0.0
JAK1	JAK2	0.0
NGF	TRAF6	0.0
TLE1	MYC	0.0
KAT5	TRRAP	0.0
FRS2	PAK1	6.23606797749979
MYB	NCOR1	3.4757663751819257
E2F1	NGF	0.0
EGFR	ERBB3	3.4364916731037085
E2F1	RB1	0.0
ARIH2	KAT5	0.0
JAK1	AKT1	0.0
AR	FOXA1	3.0615528128088303
GSK3B	TP53	0.0
AR	SMAD4	0.0
DAB1	ITGB1	0.0
PAK1	PIK3CA	10.297526237808281
LYN	VAV2	0.0
NGFR	TRAF6	0.0
RHOA	GAB2	0.0
TP53	AFP	8.189544080129826
PIK3CA	AKT1	8.346531968814578
MAPK14	AR	0.0
CREB1	CCND1	0.0
DVL2	PAK1	0.0
TAF9	TP53	7.254628043053148
NGFR	TP53	0.0
RHOA	FYN	0.0
DDX5	TP53	0.0
BAK1	TP53	0.0
PDPK1	PIK3CA	0.0
ERBB3	PIK3R1	3.382715530876048
PRDM1	ATXN1	0.0
MYC	NFYC	0.0
MYC	ERBB2	10.00244654212554
AKT1	RPS6KB1	5.873213921133975
GSK3B	TLE1	0.0
CDH1	CTNNB1	0.0
TLE1	CCND1	0.0
LYN	PIK3R1	3.0
GIT1	ITGB1	0.0
MYC	ITGB1	0.0
HIF1A	SP1	0.0
GSK3B	MYC	0.0
PIK3CA	UFD1L	0.0
UBE2I	MYB	0.0
PIK3R1	AKT1	3.58113883008419
MYC	SP1	0.0
ABL1	SP1	0.0
EGFR	SOS1	2.9364916731037085
NCOR1	MYC	7.57120550789603
HIF1A	TP53	0.0
CTNNB1	MYC	0.0
MAPK14	STAT3	0.0
DDX5	RNASEN	0.0
ERBB2	JAK2	6.111262075065218
ERBB3	ITGB4	2.5
ERBB2	SOS1	5.977287478849656
TRAF6	TP53	0.0
CDC42	RAC1	0.0
STAT3	CCND1	7.069763430109227
PIK3R1	CCND1	7.348054268438632
ABL1	ERBB2	6.123475382979799
NGF	NGFR	0.0
JAK1	STAT3	0.0
PIK3CA	RELN	8.409388971958021
IGF1R	CRK	0.0
FYN	JAK1	0.0
JAK1	MAP3K1	0.0
KAT5	MYC	0.0
JUN	RB1	0.0
GIT1	PAK1	0.0
BCL2L1	TLE1	0.0
CRK	ERBB3	0.0
PDPK1	GIT1	0.0
CDKN1A	CHGB	0.0
CREB1	HIF1A	0.0
ESR1	PIK3R1	0.0
PIN1	MYC	0.0
GIT1	CDC42	0.0
FRS2	PIK3R1	4.254896296977634
SOS1	RAC1	0.0
MAP3K1	MAPK14	0.0
MAX	SP1	0.0
CDKN1A	TLE1	0.0
VAV2	PAK1	0.0
CREB1	SP1	0.0
CDKN1A	TFDP1	0.0
CDKN1A	NGFR	0.0
CDKN1A	TP53	0.0
JAK2	MAP3K1	4.509198980312529
ESR1	FOXA1	0.0
PIK3R1	BCL2L1	0.0
ITGB1	PIK3CA	0.0
TP53	UFD1L	0.0
PIK3CA	SOS1	7.54450394677522
DAB1	ERBB2	0.0
JAK2	VAV2	0.0
SOS1	AKT1	2.58113883008419
PIK3CA	CCND1	10.98074069840786
NGFR	RHOA	0.0
GRB2	GAB2	0.0
MAX	TBP	0.0
MAX	CCNB1	0.0
E2F1	MYB	0.0
RHOA	RAC1	0.0
BRCA1	FOXA1	3.998044485912539
PAK1	STAT3	5.398557925000402
PIN1	MAX	0.0
FRS2	PIK3CA	8.728030526706771
PIK3R1	STAT3	3.6583123951777
KAT5	MDM2	0.0
CHD3	TP53	7.461734824239696
AKT1	MYC	7.237993079576571
ITGB1	RAC1	0.0
VAV2	RAC1	0.0
JAK1	PIK3R1	0.0
ESR1	MYC	0.0
IKBKB	TGFBR1	0.0
MAX	TRRAP	0.0
RB1	TBP	3.845207879911715
ITGB4	ATXN1	0.0
CCND1	CDKN1B	6.488624600025037
BAK1	BCL2L1	0.0
PDPK1	PIK3R1	0.0
FOXO3	CCNB1	3.7723653983154732
CDH1	EGFR	4.808772996372722
DAB1	PIN1	0.0
JAK1	PIK3CA	0.0
AR	UBE2I	0.0
AES	MAPK14	0.0
PIK3CA	STAT3	8.427670798898767
PIK3R1	RELN	3.802775637731995
GAB2	PIK3R1	5.82557896962972
CRK	GIT1	0.0
PIN1	ADAMTSL4	0.0
PAK1	RAC1	0.0
NEDD9	PIK3CA	7.837397165588672
MAX	ITGB4	0.0
AKT1	CDKN1A	0.0
PIK3CA	BCL2L1	0.0
PAK1	AKT1	5.5155946010522525
PPP1CA	TP53	0.0
PIK3R1	RHOA	0.0
MAPK14	TP53	0.0
MYC	TAF9	6.511820299102546
UBE2I	MDM2	0.0
CTNNB1	GSK3B	0.0
APC	PAK1	0.0
MDM2	TP53	8.848132367096497
GSK3B	PIN1	0.0
ERBB3	VAV2	0.0
AKT1	PDPK1	0.0
E2F1	CDKN1A	0.0
ESR1	AKT1	0.0
AR	CTNNB1	0.0
MYC	TP53	10.758762678815339
CTNNB1	EGFR	0.0
HTT	KAT5	0.0
PIK3R1	SOS1	3.0
GRB2	PIK3R1	0.0
CREB1	MAX	0.0
CDC42	KAT5	0.0
MYB	MYC	7.0710678118654755
MAX	ERBB2	0.0
MAX	MYC	0.0
CHGB	TK1	0.0
GRB2	JAK2	0.0
CDC42	MTOR	0.0
JAK1	MYC	0.0
AKT1	TRAF6	0.0
ITGB1	PAK1	0.0
FYN	GAB2	0.0
TP53	PTEN	8.934948480986922
AKT1	MDM2	4.030628572867368
BRCA1	PIK3R1	3.9364916731037085
TAF9	TRRAP	2.118033988749895
RELN	ABL1	2.6337923567508073
MYB	CCNB1	2.7370892179053907
CDKN1B	RB1	3.4632418686616098
EGFR	PIK3R1	3.9364916731037085
FOXA1	AFP	4.150581316760657
FYN	PIK3R1	0.0
TAF9	CDKN1A	0.0
PAK1	TGFBR1	0.0
SMAD4	TFDP1	0.0
RHOA	SOS1	0.0
FRS2	SOS1	3.1844300276583644
TP53	RCHY1	0.0
CDC42	RPS6KB1	0.0
ITGB1	EGFR	0.0
JAK1	BCL2L1	0.0
CRK	PAK1	0.0
RCHY1	ADAMTSL4	0.0
BRCA1	MAX	0.0
ABL1	ERBB3	2.5
SP1	CDKN1A	0.0
FYN	RELN	0.0
MYC	CDKN1B	6.7748882382422755
RHOA	TGFBR1	0.0
EGFR	GRB2	0.0
AKT1	IKBKB	5.486263668037517
CHD3	CREB1	0.0
MYC	TRRAP	6.7748882382422755
CRK	ERBB2	0.0
SMAD4	UBE2I	0.0
MAX	TK1	0.0
NCOR1	SMAD4	0.0
NFYC	SP1	0.0
EGFR	MTOR	3.2268189319982725
ATM	E2F1	0.0
RAC1	CDH1	0.0
AR	KAT5	0.0
NFYC	TP53	0.0
PIK3R1	VAV2	0.0
RAC1	CTNNB1	0.0
SMAD4	SP1	0.0
CRK	PIK3CA	0.0
DDX5	PIK3CA	0.0
GSK3B	AR	0.0
MAX	PDGFRB	0.0
CDH1	IGF1R	5.6561635046840255
TP53	ARIH2	0.0
FOXA1	CDKN1B	3.179586801558725
AR	BRCA1	2.7699686802504155
CRK	RAC1	0.0
ITGB1	ITGB4	0.0
CTNNB1	CCND1	0.0
SMAD4	PAK1	0.0
CRK	ITGB1	0.0
ITGB4	AKT1	2.58113883008419
FOXA1	TP53	8.385124418714554
AES	CTNNB1	0.0
DVL2	RAC1	0.0
ITGB1	PIK3R1	0.0
AKT1	MTOR	2.995352392457285
JUN	SMAD4	0.0
CREB1	UBE2I	0.0
AKT1	CDKN1B	2.541103500742244
SP1	APC	0.0
AR	JUN	0.0
MYC	ITGB4	6.34182061597887
ABL1	EGFR	2.7699686802504155
SP1	TK1	0.0
AKT1	FOXO3	4.030628572867368
BRCA1	TBP	3.318156838839072
BRCA1	TP53	8.131727983645296
ABL1	MDM2	3.449489742783178
EGFR	PAK1	5.533985905294664
RELN	ITGB1	0.0
NGFR	RAC1	0.0
NGF	PIK3R1	3.0
NGF	RAC1	0.0
RELN	AKT1	3.3839144678161843
ATXN1	NCOR1	0.0
SOS1	MTOR	2.414213562373095
CDC42	TP53	0.0
RHOA	AKT1	0.0
CDC42	MAP3K1	0.0
RPS6KB1	E2F1	0.0
TP53	SESN1	8.347856475307527
ABL1	CRK	0.0
HIF1A	MCL1	0.0
TP53	CCNB1	7.611394185400459
